{"addProduct":{"method":"POST","url":"http://192.168.103.104:9100/productCt/addProduct?ntToken=5e412f0c6bcaa8cc8ffadaddc8d3688f65bba20419d64ac35b368252bd80224930cb9b87cc15d018a0c72b92126d8d9b","body":"{\n    \"name\" : \"lhj_product1\",\n    \"riskStocks\" : [\n        {\n            \"symbol\" : \"600000\",\n            \"market\" : \"SZ\"\n        }\n    ],\n    \"strategys\" : [\n        {\n            \"strategyId\" : \"10\",\n            \"fundsProportion\" : 0.222, \n            \"accounts\" : [\n                {\n                    \"accountId\" : 473, \n                    \"accountOrder\": 1 \n                }\n            ],\n            \"plates\" : [\n                {\n                    \"name\" : \"lhj_plateName\",\n                    \"maxPosition\" : \"100\",\n                    \"systemPlateId\" :  -1,     \n                    \"traceSystemPlate\" : \"0\", \n                    \"plateStocks\" : [    \n                        {\n                            \"symbol\" : \"600008\",\n                            \"market\" : \"SZ\",\n                            \"status\" : 0  \n                        }\n                    ]\n                }\n            ],\n            \"securities\" : [ \n                {\n                    \"symbol\" : \"600009\",\n                    \"market\" : \"SZ\",\n                    \"maxPosition\" : 1000 \n                }\n            ]\n        }\n    ]\n}","overrideMimeType":false,"headers":[]}}