{"editTradeAccount":{"method":"POST","url":"http://192.168.103.104:9100/productCt/editTradeAccount?id=473&ntToken=5e412f0c6bcaa8cc8ffadaddc8d3688f65bba20419d64ac35b368252bd80224930cb9b87cc15d018a0c72b92126d8d9b","body":"{\n       \"id\" : 473,\n       \"name\" : \"lhj_test3\",\n       \"account\" : \"1232\",\n       \"password\" : \"1332\",\n       \"type\" : 0,\n        \"clientId\" : \"VE\", \n       \"targetCompId\" : \"1024\", \n       \"hedgeType\" : 1 \n}","overrideMimeType":false,"headers":[]}}